"Country Name","Country Code","Indicator Name","Indicator Code","1960","1970","1980","1990","2000","2010","2011","2012","2013","2014","2015","2016","2017","2018",""
"Aruba","ABW","CO2 emissions (metric tons per capita)","EN.ATM.CO2E.PC","","","","26.3745032100275","26.1948752380219","24.6705288731078","24.5058352032767","13.1555416906324","8.35129425218293","8.408362637892","","","","",""
"Afghanistan","AFG","CO2 emissions (metric tons per capita)","EN.ATM.CO2E.PC","0.0460598969515529","0.150290626842792","0.132858608266526","0.213449805430825","0.0385063399794444","0.293836993688923","0.412016938260872","0.350370580694022","0.315601773217989","0.299444990875517","","","","",""
"Angola","AGO","CO2 emissions (metric tons per capita)","EN.ATM.CO2E.PC","0.097471603786658","0.528697987908295","0.598717342859383","0.420284253935093","0.580352661444089","1.24340558491456","1.2527892548547","1.33084301775372","1.25461721786853","1.29132831504477","","","","",""
"Albania","ALB","CO2 emissions (metric tons per capita)","EN.ATM.CO2E.PC","1.25819492789657","1.75323990542637","1.93505831031996","1.67810665434977","0.978174680894664","1.57857358391855","1.80371472482914","1.692908325435","1.74921107861166","1.97876331208568","","","","",""
"Andorra","AND","CO2 emissions (metric tons per capita)","EN.ATM.CO2E.PC","","","","7.46733566933901","8.01928429423459","6.12259470212791","5.86712994471708","5.91659691135616","5.90075258701787","5.83216995064565","","","","",""
"Arab World","ARB","CO2 emissions (metric tons per capita)","EN.ATM.CO2E.PC","0.643689011230035","1.80124546196884","3.06920881865171","2.98900807203007","3.68444127176971","4.61575820147529","4.53775523602928","4.81363072670862","4.65047416848542","4.86023383242015","","","","",""
"United Arab Emirates","ARE","CO2 emissions (metric tons per capita)","EN.ATM.CO2E.PC","0.118757691560334","64.7450137792517","35.4041197869499","27.9592452103943","35.6782592296172","19.4436902679391","19.0764887762721","19.8176842234884","18.9541637858011","23.3020225078816","","","","",""
"Argentina","ARG","CO2 emissions (metric tons per capita)","EN.ATM.CO2E.PC","2.36747303164667","3.45115979780302","3.86885306737151","3.42648198325077","3.83557366545331","4.55849961171786","4.60029069868628","4.56938367601348","4.46290375453177","4.74679745467325","","","","",""
"Armenia","ARM","CO2 emissions (metric tons per capita)","EN.ATM.CO2E.PC","","","","","1.12891860406022","1.46562189488728","1.71007076482979","1.97606007379797","1.89971173409172","1.9027589101995","","","","",""
"American Samoa","ASM","CO2 emissions (metric tons per capita)","EN.ATM.CO2E.PC","","","","","","","","","","","","","","",""
"Antigua and Barbuda","ATG","CO2 emissions (metric tons per capita)","EN.ATM.CO2E.PC","0.662642982345181","6.88607708128409","1.94729174042101","4.23352225020991","4.1239710949464","5.53956750932274","5.36340747396024","5.41844653171725","5.36045346745175","5.37764854614412","","","","",""
"Australia","AUS","CO2 emissions (metric tons per capita)","EN.ATM.CO2E.PC","8.58293664258675","11.8028905412969","15.0249160087122","15.4528816707784","17.2006098261369","17.7408450531619","17.5388777559057","17.0729046803908","16.0958331735351","15.3887660194467","","","","",""
"Austria","AUT","CO2 emissions (metric tons per capita)","EN.ATM.CO2E.PC","4.37331882803344","6.78880730716105","6.92847899968117","7.51324615615048","7.77425973898237","8.07113180231399","7.74813430456944","7.38707716295308","7.36874814486104","6.86986792967669","","","","",""
"Azerbaijan","AZE","CO2 emissions (metric tons per capita)","EN.ATM.CO2E.PC","","","","","3.66627102850185","3.38822587905988","3.64617987716669","3.82487717012357","3.78506883600917","3.93156060898919","","","","",""
"Burundi","BDI","CO2 emissions (metric tons per capita)","EN.ATM.CO2E.PC","","0.0180399617317484","0.0356294681060635","0.0385970419626197","0.0423950108003711","0.0242600317328871","0.0267619600712467","0.030296972759882","0.0301757695111324","0.0444853762564713","","","","",""
"Belgium","BEL","CO2 emissions (metric tons per capita)","EN.ATM.CO2E.PC","9.94159407412845","13.0101788101329","13.7232962736892","10.6396716729644","11.2296676990611","10.1714652153634","9.05433001058862","8.56287874995543","8.68954309131301","8.32815989783976","","","","",""
"Benin","BEN","CO2 emissions (metric tons per capita)","EN.ATM.CO2E.PC","0.0663540632548974","0.0969526222899799","0.139097134509768","0.14215759136896","0.232860968567938","0.553283259010318","0.559693353692425","0.562347006319148","0.580960914297046","0.61421385181193","","","","",""
"Burkina Faso","BFA","CO2 emissions (metric tons per capita)","EN.ATM.CO2E.PC","0.00911190221001522","0.0254263414287238","0.063420190087915","0.066173050745236","0.0897168507561461","0.125717252121518","0.137496219353131","0.158663009401362","0.179132409048047","0.162018806234081","","","","",""
"Bangladesh","BGD","CO2 emissions (metric tons per capita)","EN.ATM.CO2E.PC","","","0.0937557428508794","0.146281294377981","0.211802224728946","0.393936699015154","0.41201118567064","0.433487963070874","0.442400827683764","0.459141964802809","","","","",""
"Bulgaria","BGR","CO2 emissions (metric tons per capita)","EN.ATM.CO2E.PC","2.83390112126359","7.21342437205919","8.74423866745434","8.5430107903053","5.32803434248386","5.9649002061902","6.71538056004032","6.11945652602394","5.4506959628306","5.87161586934993","","","","",""
"Bahrain","BHR","CO2 emissions (metric tons per capita)","EN.ATM.CO2E.PC","3.54447844262346","12.1942992874109","21.9171436669186","25.0588549616781","28.0509107542122","23.5854808995682","22.4133347519184","20.5148509825668","23.8043569652375","23.4497548258489","","","","",""
"Bahamas, The","BHS","CO2 emissions (metric tons per capita)","EN.ATM.CO2E.PC","3.7497626177781","15.2003141348891","37.9301009679058","7.61049559952562","5.60101044009534","4.5833434950337","5.0918328932149","5.29293703079516","7.42654013360195","6.3232575117291","","","","",""
"Bosnia and Herzegovina","BIH","CO2 emissions (metric tons per capita)","EN.ATM.CO2E.PC","","","","","3.66047151012051","5.71613483199197","6.47538958460123","6.10128008332876","6.08081333725751","6.23471916168303","","","","",""
"Belarus","BLR","CO2 emissions (metric tons per capita)","EN.ATM.CO2E.PC","","","","","5.38974529064763","6.64269666046859","6.76251734899356","6.67999158961994","6.73665225121031","6.70195770525782","","","","",""
"Belize","BLZ","CO2 emissions (metric tons per capita)","EN.ATM.CO2E.PC","0.477971845672576","0.990415936881046","1.32277062883702","1.66191242961952","1.60134241756464","1.67610569388821","1.82686092007096","1.41582591082296","1.49159889709194","1.407601494481","","","","",""
"Bermuda","BMU","CO2 emissions (metric tons per capita)","EN.ATM.CO2E.PC","3.55137387387387","4.13370909090909","7.98194622279129","8.46810841789435","8.36199116976372","9.34712241262822","6.87235920946658","7.35686286613784","7.05181458746789","8.83831498794885","","","","",""
"Bolivia","BOL","CO2 emissions (metric tons per capita)","EN.ATM.CO2E.PC","0.272037870294134","0.551786173220252","0.835142385601768","0.839700279044911","1.32705678701584","1.53287064380966","1.60202932168512","1.83546905538859","1.81899738314335","1.93241949870287","","","","",""
"Brazil","BRA","CO2 emissions (metric tons per capita)","EN.ATM.CO2E.PC","0.649630979052413","0.983579957420785","1.54416233950808","1.39862060903109","1.87111831255912","2.13293757108779","2.21158723527567","2.3435701150308","2.48841718370983","2.59438828549778","","","","",""
"Barbados","BRB","CO2 emissions (metric tons per capita)","EN.ATM.CO2E.PC","0.746296641104361","1.79628466639871","2.67543240521186","4.12649112430581","4.4028949738185","5.28599737453008","5.44951372233171","5.22210700143829","5.12714639179637","4.49017767348307","","","","",""
"Brunei Darussalam","BRN","CO2 emissions (metric tons per capita)","EN.ATM.CO2E.PC","4.08217016331274","63.3602633061436","35.4884995540065","23.9332380161138","14.1402018359085","21.1059455259326","24.6071779357534","24.1807638812452","19.2335919707382","22.1247012416688","","","","",""
"Bhutan","BTN","CO2 emissions (metric tons per capita)","EN.ATM.CO2E.PC","","0.0122929524205417","0.0537720078597754","0.238879169148303","0.690660881454302","0.670263220461739","0.990398509135596","1.0860250183607","1.20322081779333","1.28932137116716","","","","",""
"Botswana","BWA","CO2 emissions (metric tons per capita)","EN.ATM.CO2E.PC","","","0.98528204339375","1.9613581999431","2.18746137912679","2.32592440390577","2.03609106052193","2.02540928486131","2.45671825368674","3.24328763661634","","","","",""
"Central African Republic","CAF","CO2 emissions (metric tons per capita)","EN.ATM.CO2E.PC","0.0585351058990042","0.114298666436267","0.0466453287341419","0.0673581016266523","0.0712894801738275","0.0593509084471819","0.0622614999978776","0.0653302500258328","0.0660110901885101","0.066593110852834","","","","",""
"Canada","CAN","CO2 emissions (metric tons per capita)","EN.ATM.CO2E.PC","10.7708472869716","16.0141487525793","18.0227689586468","15.6590703824979","17.3671146940009","15.723167000507","15.6397596234201","14.8906356432683","14.7119718243749","15.1171587794778","","","","",""
"Central Europe and the Baltics","CEB","CO2 emissions (metric tons per capita)","EN.ATM.CO2E.PC","5.1042057522311","8.15125616518185","11.2618641993957","9.01457630711816","6.60384328227738","6.82803356479057","6.86434946488299","6.50436699486502","6.3448382618131","6.14888253990517","","","","",""
"Switzerland","CHE","CO2 emissions (metric tons per capita)","EN.ATM.CO2E.PC","3.66436597885029","6.51957044283522","6.41494978643569","6.34508516765421","5.43548498451474","4.98342894466888","4.67203836308538","4.72357428746104","4.97283587573087","4.31156299409097","","","","",""
"Channel Islands","CHI","CO2 emissions (metric tons per capita)","EN.ATM.CO2E.PC","","","","","","","","","","","","","","",""
"Chile","CHL","CO2 emissions (metric tons per capita)","EN.ATM.CO2E.PC","1.74828931041744","2.57889901206259","2.24259925195891","2.51581052054156","3.8534993750145","4.25171517053079","4.61972953748937","4.67798279651244","4.765865990127","4.68737662371284","","","","",""
"China","CHN","CO2 emissions (metric tons per capita)","EN.ATM.CO2E.PC","1.17038137226978","0.942934534989582","1.49525074931082","2.15157090606377","2.69686243322549","6.56052000702696","7.24151541889549","7.42475091638009","7.55721104480691","7.54390764144927","","","","",""
"Cote d'Ivoire","CIV","CO2 emissions (metric tons per capita)","EN.ATM.CO2E.PC","0.129823983671763","0.465859974305637","0.7503186464384","0.410408539330019","0.406991230847387","0.341512031739498","0.3469514763384","0.434007997627109","0.486455714550535","0.490206046242236","","","","",""
"Cameroon","CMR","CO2 emissions (metric tons per capita)","EN.ATM.CO2E.PC","0.0524234834826945","0.097747193279036","0.453143953010053","0.148054521904757","0.224712545323058","0.339515019532565","0.28109480266195","0.290648215621545","0.31275573214738","0.314928068034826","","","","",""
"Congo, Dem. Rep.","COD","CO2 emissions (metric tons per capita)","EN.ATM.CO2E.PC","0.152228016183627","0.135611634920353","0.132865030783313","0.117591196611624","0.0172926184840821","0.0313145508465683","0.0373770882118678","0.0348206856141438","0.0503392133435128","0.0633691910487466","","","","",""
"Congo, Rep.","COG","CO2 emissions (metric tons per capita)","EN.ATM.CO2E.PC","0.215660129962785","0.419143442466801","0.221223575832842","0.486838325772591","0.325124227809731","0.451406104780982","0.500555539551447","0.641061362988395","0.649833427796859","0.635369293307611","","","","",""
"Colombia","COL","CO2 emissions (metric tons per capita)","EN.ATM.CO2E.PC","0.99571866746058","1.28753479806076","1.59911283839079","1.6730257868294","1.43362024086848","1.65892308211292","1.64912348976912","1.70539858227583","1.89310316137465","1.75953717356061","","","","",""
"Comoros","COM","CO2 emissions (metric tons per capita)","EN.ATM.CO2E.PC","0.0575603936773039","0.127517887104767","0.154861952577567","0.151457504239615","0.189314418362813","0.23394210749146","0.192025124227075","0.197567788602342","0.237378287255563","0.202814119320239","","","","",""
"Cabo Verde","CPV","CO2 emissions (metric tons per capita)","EN.ATM.CO2E.PC","0.10875389254115","0.135715290268618","0.422145630492191","0.278873181761012","0.497272909057895","1.10947800885379","1.21254873865061","0.984565517268215","0.958866077299627","0.933403237234465","","","","",""
"Costa Rica","CRI","CO2 emissions (metric tons per capita)","EN.ATM.CO2E.PC","0.368614595210946","0.676331870454646","1.03135382181467","0.954653350538357","1.3947039862762","1.66517530273163","1.68266074321907","1.66878006206111","1.61440217270054","1.63095106225335","","","","",""
"Caribbean small states","CSS","CO2 emissions (metric tons per capita)","EN.ATM.CO2E.PC","1.40013605484306","4.27761624911047","7.06419073527454","5.24691087804698","6.5066921708591","9.27710944981283","9.1437342207778","8.88637753142472","9.13802548937418","8.88454138458529","","","","",""
"Cuba","CUB","CO2 emissions (metric tons per capita)","EN.ATM.CO2E.PC","1.91845021834764","2.14252443711925","3.19267472257998","3.1509899612373","2.33916137912332","3.38612744264541","3.16944466192752","3.17660834784583","3.0493621413006","3.04521062360798","","","","",""
"Curacao","CUW","CO2 emissions (metric tons per capita)","EN.ATM.CO2E.PC","","","","","","","","39.445663037189","33.8994032063034","37.7262890532298","","","","",""
"Cayman Islands","CYM","CO2 emissions (metric tons per capita)","EN.ATM.CO2E.PC","1.39872854418309","4.01027996500437","9.98317039970301","9.9702518992403","11.171564276633","10.0416884356928","10.3699252372788","9.30726839698903","9.17205461616213","9.17183803150139","","","","",""
"Cyprus","CYP","CO2 emissions (metric tons per capita)","EN.ATM.CO2E.PC","1.54890475276212","2.77884068504826","4.68134944835616","5.70656288562432","7.34732626160041","6.92790356343255","6.60156823000707","6.09625641594908","5.1996632561002","5.26035204098901","","","","",""
"Czech Republic","CZE","CO2 emissions (metric tons per capita)","EN.ATM.CO2E.PC","","","","","12.0768890449527","10.6525786177933","10.1854822482433","9.61198587926592","9.384891602576","9.16597837581982","","","","",""
"Germany","DEU","CO2 emissions (metric tons per capita)","EN.ATM.CO2E.PC","","","","","10.0956398829225","9.27963401169499","9.1248592104965","9.19929975724339","9.39062341958994","8.88937039483839","","","","",""
"Djibouti","DJI","CO2 emissions (metric tons per capita)","EN.ATM.CO2E.PC","0.48229231431441","0.872772596596496","0.970484176509918","0.54657366725497","0.475248890722201","0.607471573619567","0.546278770857464","0.586763278993628","0.678855967739058","0.791961752491876","","","","",""
"Dominica","DMA","CO2 emissions (metric tons per capita)","EN.ATM.CO2E.PC","0.183316391994801","0.361163873763595","0.486894866824229","0.827228378873756","1.47362075894139","1.95053191489362","1.78957862740177","1.88327966242852","1.82337016574586","1.86428591057737","","","","",""
"Denmark","DNK","CO2 emissions (metric tons per capita)","EN.ATM.CO2E.PC","6.50268309283578","12.5996564651087","11.7840138262008","9.77069869920651","9.61317555419716","8.40721667045503","7.29638320804399","6.51480084670286","6.86256503195408","5.9357124821143","","","","",""
"Dominican Republic","DOM","CO2 emissions (metric tons per capita)","EN.ATM.CO2E.PC","0.316155045989092","0.690547918618094","1.11160061618768","1.28484027681204","2.3113012579558","2.123958664314","2.11709004452436","2.17854455216422","2.08543251745694","2.0699866344335","","","","",""
"Algeria","DZA","CO2 emissions (metric tons per capita)","EN.ATM.CO2E.PC","0.553763777217353","1.03608259609565","3.43987797937864","2.97040907146769","2.81754354684473","3.29970368770249","3.29137617567272","3.4602658100588","3.507310028999","3.71740990081817","","","","",""
"East Asia & Pacific (excluding high income)","EAP","CO2 emissions (metric tons per capita)","EN.ATM.CO2E.PC","0.953958598403763","0.819466399958608","1.26920848948293","1.78512156752207","2.31133094574131","5.1060445087073","5.64163635499887","5.77322448528528","5.79045974876772","5.77547834477085","","","","",""
"Early-demographic dividend","EAR","CO2 emissions (metric tons per capita)","EN.ATM.CO2E.PC","0.594496938611393","0.880836808113408","1.21683546818894","1.40325601890539","1.71211190477899","2.11982654072511","2.20137008449608","2.29594268221608","2.21086506287639","2.29530215229644","","","","",""
"East Asia & Pacific","EAS","CO2 emissions (metric tons per capita)","EN.ATM.CO2E.PC","1.16349222371741","1.52912574841933","2.04961636485161","2.58234344776172","3.19837264791158","5.70178263843552","6.1900228643384","6.30711795666516","6.33049800520395","6.29360497638158","","","","",""
"Europe & Central Asia (excluding high income)","ECA","CO2 emissions (metric tons per capita)","EN.ATM.CO2E.PC","","","","","6.86517623767031","7.55576803075348","7.88387236190316","7.99917048147051","7.73327594669738","7.42132815895557","","","","",""
"Europe & Central Asia","ECS","CO2 emissions (metric tons per capita)","EN.ATM.CO2E.PC","","","","","7.60687248551669","7.54293864050654","7.5000651320756","7.47320699340852","7.28924246094611","6.9160493262343","","","","",""
"Ecuador","ECU","CO2 emissions (metric tons per capita)","EN.ATM.CO2E.PC","0.388033791290383","0.705316913370661","1.68536509685706","1.64686955714135","1.64060597076666","2.44136175575121","2.54391117556386","2.47349501603991","2.61768904438367","2.76170217502084","","","","",""
"Egypt, Arab Rep.","EGY","CO2 emissions (metric tons per capita)","EN.ATM.CO2E.PC","0.594673619757026","0.618800121770438","1.02586528780991","1.32277721735697","2.02166057648738","2.41019138031345","2.5281673247975","2.47192818505753","2.376329651912","2.19898024634231","","","","",""
"Euro area","EMU","CO2 emissions (metric tons per capita)","EN.ATM.CO2E.PC","","","","","8.20701372531262","7.42563425737053","7.16146999024863","6.99709705392853","6.84446202821924","6.47492054828707","","","","",""
"Eritrea","ERI","CO2 emissions (metric tons per capita)","EN.ATM.CO2E.PC","","","","","0.179415768858828","0.116920680325405","0.132758693898348","","","","","","","",""
"Spain","ESP","CO2 emissions (metric tons per capita)","EN.ATM.CO2E.PC","1.60659271055656","3.4579698591709","5.73477895392154","5.62419000722509","7.25782434589112","5.81641636625128","5.78801845772827","5.66093880333453","5.08439835268284","5.03382448723757","","","","",""
"Estonia","EST","CO2 emissions (metric tons per capita)","EN.ATM.CO2E.PC","","","","","10.6362516419289","13.5996890666366","14.0167329722872","13.3240003749917","15.0937179674916","14.848819173174","","","","",""
"Ethiopia","ETH","CO2 emissions (metric tons per capita)","EN.ATM.CO2E.PC","0.0158921756117187","0.0582020946133632","0.0516802572348288","0.0627606499917773","0.0533483376422177","0.0750938597422405","0.0858039683295198","0.0926228641124991","0.112072453123652","0.119124014522654","","","","",""
"European Union","EUU","CO2 emissions (metric tons per capita)","EN.ATM.CO2E.PC","5.76215555468986","8.49072724408612","9.72935717121291","8.57900360245255","8.01273165696264","7.35630495447647","7.07946092042801","6.91780251227693","6.75382527003182","6.37914884774526","","","","",""
"Fragile and conflict affected situations","FCS","CO2 emissions (metric tons per capita)","EN.ATM.CO2E.PC","0.283290883254562","0.682011299534297","0.738370421680121","0.741506441594247","0.765812137498156","0.842662476927779","0.825987786184085","0.841904674659245","0.880020573721388","0.886959023932481","","","","",""
"Finland","FIN","CO2 emissions (metric tons per capita)","EN.ATM.CO2E.PC","3.4098467277432","8.76964388174735","12.1866725528739","10.3771689611267","10.1284741400511","11.5752816522205","10.5444747406961","9.07543335566445","8.68178012315563","8.66072124349448","","","","",""
"Fiji","FJI","CO2 emissions (metric tons per capita)","EN.ATM.CO2E.PC","0.494046559867408","1.00035540767181","1.25262925911642","1.11726971788073","1.03967712946995","1.4199790685505","1.25604495978484","1.2131042266677","1.30887617012328","1.32057470823182","","","","",""
"France","FRA","CO2 emissions (metric tons per capita)","EN.ATM.CO2E.PC","5.79350794502963","8.43686823287245","9.13185393730071","6.42067090678677","5.94666546275395","5.42898086189895","5.07791149059709","5.07506388727506","5.06217403504859","4.5731821471024","","","","",""
"Faroe Islands","FRO","CO2 emissions (metric tons per capita)","EN.ATM.CO2E.PC","1.69273823605782","6.56781720952844","9.69124879349175","14.9472202378451","14.587921621736","12.9912255406797","11.6932397959184","12.13140590967","13.9166512811045","12.2378485729495","","","","",""
"Micronesia, Fed. Sts.","FSM","CO2 emissions (metric tons per capita)","EN.ATM.CO2E.PC","","","","","1.16052945118773","1.09709890364422","1.16955000579889","1.31087021632223","1.37907658482961","1.44543575445849","","","","",""
"Gabon","GAB","CO2 emissions (metric tons per capita)","EN.ATM.CO2E.PC","0.264455591525369","3.52955849508065","9.0976083405677","4.72521770362062","3.81258721718887","2.93322440419215","2.92996822228023","2.90551833230211","2.90571962024376","2.7682657208219","","","","",""
"United Kingdom","GBR","CO2 emissions (metric tons per capita)","EN.ATM.CO2E.PC","11.1507591603053","11.7323972998343","10.2867570419519","9.71088167805014","9.19954923303155","7.85783648614987","7.07929762567232","7.35589827677421","7.14584435876957","6.49744049045117","","","","",""
"Georgia","GEO","CO2 emissions (metric tons per capita)","EN.ATM.CO2E.PC","","","","","1.11256641005648","1.6675686845653","2.12223697909803","2.26380242400253","2.1137931090135","2.41646049619644","","","","",""
"Ghana","GHA","CO2 emissions (metric tons per capita)","EN.ATM.CO2E.PC","0.219944358985113","0.305406210527577","0.236952357464728","0.260957010608234","0.332065263822419","0.40616280838234","0.391342521848358","0.461562599908002","0.55493014926488","0.536533377780147","","","","",""
"Gibraltar","GIB","CO2 emissions (metric tons per capita)","EN.ATM.CO2E.PC","2.0377447208686","2.43953081232493","2.90724101479915","4.90375120010972","10.7022771007056","14.0320286842026","13.5022002694207","13.7418433810189","14.5244893736514","15.5134849286092","","","","",""
"Guinea","GIN","CO2 emissions (metric tons per capita)","EN.ATM.CO2E.PC","0.114804876937471","0.187705017098088","0.213750431636148","0.166320537306653","0.18650251698748","0.241201500439589","0.25188429358134","0.228832610363065","0.19929667411108","0.207492620606193","","","","",""
"Gambia, The","GMB","CO2 emissions (metric tons per capita)","EN.ATM.CO2E.PC","0.049833119523385","0.106578579652794","0.260901866243967","0.191987853509132","0.199448144407896","0.255713888079596","0.256174689912693","0.252317680516057","0.232722215170675","0.267684889136388","","","","",""
"Guinea-Bissau","GNB","CO2 emissions (metric tons per capita)","EN.ATM.CO2E.PC","0.0297448609608231","0.0978791195051607","0.183154482589835","0.170258228948512","0.117983090806279","0.153196261922513","0.153925623718012","0.154457588763835","0.152655821159147","0.157241166708388","","","","",""
"Equatorial Guinea","GNQ","CO2 emissions (metric tons per capita)","EN.ATM.CO2E.PC","0.0861732002208967","0.119635254392118","0.229793400567904","0.154636566818009","0.740177398534647","4.91964285714286","6.16274628126603","4.92537981673283","4.76415691499669","4.7338165294876","","","","",""
"Greece","GRC","CO2 emissions (metric tons per capita)","EN.ATM.CO2E.PC","1.12892048165296","2.74832971408672","5.33364255450218","7.28452164170849","8.47843382003456","7.54018386811447","7.18976291454789","7.24700735925025","6.33661458954141","6.18033726778447","","","","",""
"Grenada","GRD","CO2 emissions (metric tons per capita)","EN.ATM.CO2E.PC","0.244823020173809","0.466015716010421","0.535599123644739","1.10448365755118","1.87646011080605","2.48724170543672","2.40802284082798","2.57257705179132","2.87379731656422","2.27549830763445","","","","",""
"Greenland","GRL","CO2 emissions (metric tons per capita)","EN.ATM.CO2E.PC","6.88267692307692","8.21913793103448","11.2493625498008","9.95893884892086","9.46112099644128","11.6637729549249","12.4403410089647","10.005016722408","9.80325053555937","8.98918198774314","","","","",""
"Guatemala","GTM","CO2 emissions (metric tons per capita)","EN.ATM.CO2E.PC","0.31960813603857","0.408981513367979","0.619267576023974","0.549031915907629","0.85106743835994","0.797292859116729","0.791834914618241","0.78401618067539","0.874180490213843","1.15097799430391","","","","",""
"Guam","GUM","CO2 emissions (metric tons per capita)","EN.ATM.CO2E.PC","","","","","","","","","","","","","","",""
"Guyana","GUY","CO2 emissions (metric tons per capita)","EN.ATM.CO2E.PC","1.15431631337888","2.24202123886775","2.29377570809828","1.52440371366417","2.13701163280017","2.30367581266509","2.37907088506207","2.64888041418633","2.55404897365849","2.63234795184132","","","","",""
"High income","HIC","CO2 emissions (metric tons per capita)","EN.ATM.CO2E.PC","7.38044899711455","10.8260079262737","11.6907832753889","11.1453089727717","11.934569368192","11.2702981086943","11.0295671516912","10.8574397484501","10.7743512644264","10.712692294652","","","","",""
"Hong Kong SAR, China","HKG","CO2 emissions (metric tons per capita)","EN.ATM.CO2E.PC","0.960982310797388","2.12202500631473","3.29103671663605","4.79162380576738","6.06746826706677","5.79112653398252","6.193079501103","6.07328764632662","6.26907896752984","6.39360052562418","","","","",""
"Honduras","HND","CO2 emissions (metric tons per capita)","EN.ATM.CO2E.PC","0.302190139784572","0.511581689126239","0.559278696653822","0.523188172407558","0.771138223158008","0.973269196554196","1.07222735763207","1.05625722020409","1.04701421899481","1.07522179045218","","","","",""
"Heavily indebted poor countries (HIPC)","HPC","CO2 emissions (metric tons per capita)","EN.ATM.CO2E.PC","0.121564324842581","0.207286746284091","0.220937371790265","0.169466570724482","0.162257813773791","0.221203409083111","0.23265995240672","0.24060112125875","0.254597359190511","0.2653421500774","","","","",""
"Croatia","HRV","CO2 emissions (metric tons per capita)","EN.ATM.CO2E.PC","","","","","4.32821192479828","4.69619597772236","4.62762981641453","4.21645564043887","4.12395313661313","3.97380490559031","","","","",""
"Haiti","HTI","CO2 emissions (metric tons per capita)","EN.ATM.CO2E.PC","0.073981954699742","0.0817719843640693","0.132142146477768","0.139971058062473","0.15999052542928","0.212694146185799","0.218681438265385","0.224883834618984","0.230598509783952","0.270538585794459","","","","",""
"Hungary","HUN","CO2 emissions (metric tons per capita)","EN.ATM.CO2E.PC","4.54446524112109","6.77148766046522","8.10934923530887","6.71365062307764","5.46729669489807","5.02231164868321","4.79790000267757","4.4941289440849","4.25965983098088","4.2655749757664","","","","",""
"IBRD only","IBD","CO2 emissions (metric tons per capita)","EN.ATM.CO2E.PC","1.33276677446464","1.56223456575675","2.20006824237683","2.59481340847896","2.63696040769977","4.12173559019689","4.40929642582329","4.52270029608324","4.50092855211116","4.50856097887144","","","","",""
"IDA & IBRD total","IBT","CO2 emissions (metric tons per capita)","EN.ATM.CO2E.PC","1.15083486549902","1.3585131502726","1.89815572880056","2.18462867553319","2.17848175361583","3.27126064425204","3.48481755383119","3.56011929406307","3.53543267601104","3.52966095171553","","","","",""
"IDA total","IDA","CO2 emissions (metric tons per capita)","EN.ATM.CO2E.PC","0.222462418859547","0.378869306293095","0.5317238246724","0.490587432158436","0.494096652000844","0.523641434131707","0.536908204164322","0.529591478196583","0.534503758162866","0.525891423579314","","","","",""
"IDA blend","IDB","CO2 emissions (metric tons per capita)","EN.ATM.CO2E.PC","0.372340032168658","0.715250361248258","1.12082874119869","0.935139054176256","0.963794691505352","0.907667614250529","0.939870757407796","0.937521857929491","0.930803298041923","0.880445467307095","","","","",""
"Indonesia","IDN","CO2 emissions (metric tons per capita)","EN.ATM.CO2E.PC","0.243805283400299","0.311951858139146","0.642649545277076","0.824341653340586","1.24524161289282","1.76790787941536","2.45684474415599","2.559750232591","1.94509447387694","1.81936331905513","","","","",""
"IDA only","IDX","CO2 emissions (metric tons per capita)","EN.ATM.CO2E.PC","0.137666614157066","0.208275261166527","0.248494857940669","0.257789590411893","0.256610246591887","0.332242202604524","0.335718672407633","0.325675764984591","0.336241561204255","0.348440392892661","","","","",""
"Isle of Man","IMN","CO2 emissions (metric tons per capita)","EN.ATM.CO2E.PC","","","","","","","","","","","","","","",""
"India","IND","CO2 emissions (metric tons per capita)","EN.ATM.CO2E.PC","0.268269551241686","0.352512005826353","0.450665383635934","0.711562799537377","0.979870442389399","1.39700890564172","1.47668634979755","1.59809863737809","1.59143785328546","1.73000043156161","","","","",""
"Not classified","INX","CO2 emissions (metric tons per capita)","EN.ATM.CO2E.PC","","","","","","","","","","","","","","",""
"Ireland","IRL","CO2 emissions (metric tons per capita)","EN.ATM.CO2E.PC","3.95272679063848","6.56457790176684","7.69330754805438","8.88372281638965","10.8347426425178","8.78361393417548","7.77982216046693","7.73815559101326","7.53811029677652","7.31393980771791","","","","",""
"Iran, Islamic Rep.","IRN","CO2 emissions (metric tons per capita)","EN.ATM.CO2E.PC","1.70687746232318","3.2220307841654","3.12662413734069","3.74316340331467","5.62871214830904","7.68472866152124","7.80293462388959","8.0016962450964","8.00380876267108","8.28302078741615","","","","",""
"Iraq","IRQ","CO2 emissions (metric tons per capita)","EN.ATM.CO2E.PC","1.13383936729887","2.41065547299285","3.3368212181679","2.73014988546858","3.07421949277952","3.64712877455071","4.23564549156204","4.65952390199695","4.88462266415942","4.81183968613452","","","","",""
"Iceland","ISL","CO2 emissions (metric tons per capita)","EN.ATM.CO2E.PC","6.91319329741306","6.79811483188057","8.1814647274895","7.84266519115004","7.69378211624971","6.16852858593703","5.89682897929244","5.61399181830654","5.8669462942143","6.05965740746397","","","","",""
"Israel","ISR","CO2 emissions (metric tons per capita)","EN.ATM.CO2E.PC","3.05985184624554","5.57448117014122","5.45322047447138","7.7888339055794","9.58177945619335","9.03522325410567","8.90188827937881","9.54796776436382","8.32178547056269","7.86318134790706","","","","",""
"Italy","ITA","CO2 emissions (metric tons per capita)","EN.ATM.CO2E.PC","2.1784447715823","5.51339231185847","6.89248498105296","7.36170458207832","7.912673166227","6.83837457020099","6.70255761383033","6.20541385845015","5.73294187855659","5.27086678640296","","","","",""
"Jamaica","JAM","CO2 emissions (metric tons per capita)","EN.ATM.CO2E.PC","0.903095466795066","2.66316764433467","3.90765564285533","3.10695796871764","3.87973829296494","2.5902683860983","2.77731063480277","2.62666878329823","2.83787402162909","2.59321537046218","","","","",""
"Jordan","JOR","CO2 emissions (metric tons per capita)","EN.ATM.CO2E.PC","0.798493333919724","0.906663106277048","1.99070047363106","2.92179171832021","3.03886889026931","2.94896155736461","2.86052357093644","3.05836706152074","2.8988318010275","3.00251472703979","","","","",""
"Japan","JPN","CO2 emissions (metric tons per capita)","EN.ATM.CO2E.PC","2.51653751935718","7.36808874407015","8.11401701460842","8.87329283534488","9.62235162366075","9.14831603810416","9.31742666604085","9.63862828980874","9.7808150653223","9.53870610327163","","","","",""
"Kazakhstan","KAZ","CO2 emissions (metric tons per capita)","EN.ATM.CO2E.PC","","","","","7.93485418136683","15.2279873289044","15.646296858992","14.4694178907699","15.4293165175178","14.3631697418223","","","","",""
"Kenya","KEN","CO2 emissions (metric tons per capita)","EN.ATM.CO2E.PC","0.29949688110701","0.274067913134264","0.380922847699826","0.248827871304557","0.331249189400366","0.294423101516048","0.316754324792202","0.286745420820472","0.297438082252893","0.310415313666165","","","","",""
"Kyrgyz Republic","KGZ","CO2 emissions (metric tons per capita)","EN.ATM.CO2E.PC","","","","","0.946245304589254","1.1718730152903","1.38844086606463","1.80694838778713","1.7207895657039","1.64639533887413","","","","",""
"Cambodia","KHM","CO2 emissions (metric tons per capita)","EN.ATM.CO2E.PC","0.0410123777385943","0.167757755422277","0.042740798974075","0.140577278788661","0.162644455551575","0.3503305671918","0.358177248053809","0.369259354453103","0.372980821280234","0.437759998009271","","","","",""
"Kiribati","KIR","CO2 emissions (metric tons per capita)","EN.ATM.CO2E.PC","","0.429911290007425","0.494379750248572","0.30384466662984","0.34755823045755","0.607284806920469","0.595656245222443","0.584722313413936","0.574367715483485","0.564368357203643","","","","",""
"St. Kitts and Nevis","KNA","CO2 emissions (metric tons per capita)","EN.ATM.CO2E.PC","0.214884266041606","0.571883702796034","1.18810460541541","2.60427584855757","3.7984087803588","4.27680046651764","4.44219897704111","4.18360555988667","4.2070943594952","4.2989449003517","","","","",""
"Korea, Rep.","KOR","CO2 emissions (metric tons per capita)","EN.ATM.CO2E.PC","0.501837250634426","1.66819197907051","3.53765053434504","5.76037425211894","9.52093176005307","11.4363166269633","11.8029687340986","11.6328245622552","11.7492008400819","11.5703454093401","","","","",""
"Kuwait","KWT","CO2 emissions (metric tons per capita)","EN.ATM.CO2E.PC","28.9423406449124","33.533810412083","17.9807034521153","24.290470395763","26.117487288741","29.8941513627208","28.5265287204749","30.1379123183361","27.3303921064589","25.2238644264961","","","","",""
"Latin America & Caribbean (excluding high income)","LAC","CO2 emissions (metric tons per capita)","EN.ATM.CO2E.PC","1.17076390916115","1.52852855951286","2.22658056549194","2.12283033633043","2.38076205715488","2.62230606516868","2.63437172188396","2.74571233879764","2.76372925339785","2.78110175550676","","","","",""
"Lao PDR","LAO","CO2 emissions (metric tons per capita)","EN.ATM.CO2E.PC","0.0380376972751139","0.212783083645908","0.0573998570965556","0.0499442053393799","0.176149080630416","0.262420284476794","0.256490776723786","0.264657252209568","0.242789462006416","0.297200883705774","","","","",""
"Lebanon","LBN","CO2 emissions (metric tons per capita)","EN.ATM.CO2E.PC","1.43029021688424","1.71906412018165","2.37166990430635","3.03885733565765","4.71272369184816","4.6222820517018","4.45551119700948","4.60351183507295","4.27993734768585","4.29573255231446","","","","",""
"Liberia","LBR","CO2 emissions (metric tons per capita)","EN.ATM.CO2E.PC","0.147293658111617","1.02513397184244","1.08166279548846","0.225555875554064","0.146195799512016","0.200619787873991","0.218929837522637","0.245544548772791","0.223290252575012","0.21296766351526","","","","",""
"Libya","LBY","CO2 emissions (metric tons per capita)","EN.ATM.CO2E.PC","0.478496869340804","15.1542277900527","8.35690732562481","8.2900203553979","8.79682718632737","10.043749858165","6.41036612410331","8.49977348474362","9.08113628697363","9.18684539340708","","","","",""
"St. Lucia","LCA","CO2 emissions (metric tons per capita)","EN.ATM.CO2E.PC","0.163164510495345","0.633698156682028","0.963470551840457","1.16762311394146","2.10278498110851","2.3372928496929","2.34155391412398","2.32812079961106","2.31718661049755","2.30719132076113","","","","",""
"Latin America & Caribbean","LCN","CO2 emissions (metric tons per capita)","EN.ATM.CO2E.PC","1.32126477647855","1.77485798338804","2.42447273998235","2.27530260191544","2.58598037644525","2.9051362501059","2.93091449144373","3.02585130951526","3.03604009564656","3.06330709887928","","","","",""
"Least developed countries: UN classification","LDC","CO2 emissions (metric tons per capita)","EN.ATM.CO2E.PC","0.10262231060355","0.156031524268392","0.157559203016324","0.150132952056273","0.166976484215508","0.269364191554851","0.278625092399786","0.278405673931745","0.294525991905485","0.314163046682849","","","","",""
"Low income","LIC","CO2 emissions (metric tons per capita)","EN.ATM.CO2E.PC","","0.309032884233371","0.391676882571926","0.440647053727","0.407045869212638","0.38717169808835","0.352098092173012","0.325237325667031","0.315277065156451","0.320595160632741","","","","",""
"Liechtenstein","LIE","CO2 emissions (metric tons per capita)","EN.ATM.CO2E.PC","","","","","","1.52778935088743","1.31455437899846","1.30444657271857","1.39376662865831","1.18522907856816","","","","",""
"Sri Lanka","LKA","CO2 emissions (metric tons per capita)","EN.ATM.CO2E.PC","0.228758554500231","0.288114472203365","0.226811829003949","0.223239992491509","0.545112224308269","0.656664382487028","0.745132332402183","0.784926511627907","0.75246091814428","0.885247473289056","","","","",""
"Lower middle income","LMC","CO2 emissions (metric tons per capita)","EN.ATM.CO2E.PC","0.374625572805469","0.558526474309966","0.760756693645533","0.971687795382653","1.05143110612619","1.33813053252425","1.44332182864054","1.51118575424219","1.43919336539734","1.47402550841293","","","","",""
"Low & middle income","LMY","CO2 emissions (metric tons per capita)","EN.ATM.CO2E.PC","1.03610047360413","1.20048346267623","1.72574202945372","2.10265064658204","2.11537439016194","3.2142177744576","3.42567298689197","3.50595302389191","3.47914977690477","3.47610988167463","","","","",""
"Lesotho","LSO","CO2 emissions (metric tons per capita)","EN.ATM.CO2E.PC","","","","0.919071684815747","0.990975539666902","1.11597651810712","1.12985680415238","1.15102147059612","1.14996356313354","1.15011103162712","","","","",""
"Late-demographic dividend","LTE","CO2 emissions (metric tons per capita)","EN.ATM.CO2E.PC","1.79872925293015","1.91512332600238","2.81102242618591","3.36966613311032","3.40141700986164","6.07688339069316","6.5535444692305","6.70379206798689","6.77047122556471","6.74476233270348","","","","",""
"Lithuania","LTU","CO2 emissions (metric tons per capita)","EN.ATM.CO2E.PC","","","","","3.47572906808217","4.34861630293916","4.55330131121176","4.62950967158482","4.27365723711993","4.37809012309851","","","","",""
"Luxembourg","LUX","CO2 emissions (metric tons per capita)","EN.ATM.CO2E.PC","36.6851832977673","40.532896385599","30.2805684470685","26.1976587665314","18.8855122622049","21.6351358015437","21.1029696323119","20.0842194874808","18.4983197143698","17.3621213728095","","","","",""
"Latvia","LVA","CO2 emissions (metric tons per capita)","EN.ATM.CO2E.PC","","","","","2.68262296466812","3.84959345523717","3.54111333202894","3.47174754795094","3.5182409036458","3.49819288166911","","","","",""
"Macao SAR, China","MAC","CO2 emissions (metric tons per capita)","EN.ATM.CO2E.PC","0.305954849936828","0.834103048396596","2.21758959843439","3.00665532731475","3.81283894770538","2.62236367462554","2.63626171422123","2.33371316425228","2.05052089031521","2.17984275987167","","","","",""
"St. Martin (French part)","MAF","CO2 emissions (metric tons per capita)","EN.ATM.CO2E.PC","","","","","","","","","","","","","","",""
"Morocco","MAR","CO2 emissions (metric tons per capita)","EN.ATM.CO2E.PC","0.295358036139258","0.455853709573145","0.796415477101299","0.946260352449538","1.17523491903065","1.72659806547058","1.75555822556395","1.88191534421724","1.74672897248759","1.74437997438202","","","","",""
"Monaco","MCO","CO2 emissions (metric tons per capita)","EN.ATM.CO2E.PC","","","","","","","","","","","","","","",""
"Moldova","MDA","CO2 emissions (metric tons per capita)","EN.ATM.CO2E.PC","","","","","0.965214232804117","1.38463017732791","1.41530275680859","1.38355238446543","1.40453233128176","1.38682914196587","","","","",""
"Madagascar","MDG","CO2 emissions (metric tons per capita)","EN.ATM.CO2E.PC","0.0783827737253188","0.14776610877993","0.185525975692455","0.0818849083335941","0.118846962409508","0.0925780695964946","0.107595267078671","0.12110340140298","0.135748886401402","0.130421320637677","","","","",""
"Maldives","MDV","CO2 emissions (metric tons per capita)","EN.ATM.CO2E.PC","","","0.277829339899612","0.772121049212642","1.60865455946131","2.56531352963285","2.62954274640059","2.87698697317214","2.74980938457009","3.26955984979681","","","","",""
"Middle East & North Africa","MEA","CO2 emissions (metric tons per capita)","EN.ATM.CO2E.PC","0.969322084739047","2.32997176485345","3.47790532387222","3.56939660672804","4.64490111471182","5.84762916130582","5.79399193361626","6.09927039429668","5.92162695996881","6.1593560493239","","","","",""
"Mexico","MEX","CO2 emissions (metric tons per capita)","EN.ATM.CO2E.PC","1.65338237599345","2.1924532145108","3.87039165064695","3.73050073857275","3.91647818215066","3.95765766416183","4.06775519227611","4.10768631393635","4.00160249273419","3.86624111265674","","","","",""
"Marshall Islands","MHL","CO2 emissions (metric tons per capita)","EN.ATM.CO2E.PC","","","","1.00788616854835","1.47638950133246","1.95853123509776","1.95416999733547","1.94968004101551","1.94487905593545","1.94101856402889","","","","",""
"Middle income","MIC","CO2 emissions (metric tons per capita)","EN.ATM.CO2E.PC","1.10037712438169","1.27318811949688","1.83886724172589","2.25277369798701","2.29040610555802","3.55147366567099","3.79752843148094","3.8961482976156","3.87269040444173","3.87412824319149","","","","",""
"North Macedonia","MKD","CO2 emissions (metric tons per capita)","EN.ATM.CO2E.PC","","","","","5.92899417589476","4.15445017455121","4.53512743542096","4.32288301649537","3.78052346658226","3.61493818276338","","","","",""
"Mali","MLI","CO2 emissions (metric tons per capita)","EN.ATM.CO2E.PC","0.0229895779288197","0.033902080081761","0.0553402012883833","0.0498163773799235","0.0748934369953928","0.0639744983195783","0.0672476507125769","0.0620839312611555","0.0623116483019779","0.0832286633976398","","","","",""
"Malta","MLT","CO2 emissions (metric tons per capita)","EN.ATM.CO2E.PC","1.04434542949012","2.19305137948125","3.23104107123119","6.09837930937121","5.29246296339022","6.17494957877773","6.10479546830407","6.3819007304275","5.49231747999258","5.40061395717027","","","","",""
"Myanmar","MMR","CO2 emissions (metric tons per capita)","EN.ATM.CO2E.PC","0.129478274762804","0.175000097606532","0.165604336051806","0.105245303221439","0.218848376007165","0.249531401054026","0.282824446273063","0.217129435442478","0.249963458388317","0.416600361658081","","","","",""
"Middle East & North Africa (excluding high income)","MNA","CO2 emissions (metric tons per capita)","EN.ATM.CO2E.PC","0.860654205013788","1.64799572210825","2.1825819649595","2.41708294701826","3.10505976591507","3.81879595069642","3.82247760715654","3.92638187886624","3.91418836732276","3.92725336447406","","","","",""
"Montenegro","MNE","CO2 emissions (metric tons per capita)","EN.ATM.CO2E.PC","","","","","","4.16766436131399","4.14554758345308","3.76389822124038","3.61855387978564","3.5560717904183","","","","",""
"Mongolia","MNG","CO2 emissions (metric tons per capita)","EN.ATM.CO2E.PC","1.35472969790844","2.22802885461263","4.07149764858649","4.57337218911748","3.1309903580325","5.09498940150775","7.78544140247603","9.31921743314147","13.5069399642467","7.12732634813277","","","","",""
"Northern Mariana Islands","MNP","CO2 emissions (metric tons per capita)","EN.ATM.CO2E.PC","","","","","","","","","","","","","","",""
"Mozambique","MOZ","CO2 emissions (metric tons per capita)","EN.ATM.CO2E.PC","0.255097551056039","0.325812031041963","0.270808183869948","0.0772282689554954","0.0746889183989074","0.11294068201246","0.129247056969594","0.121535416324105","0.152038111591983","0.309666606914455","","","","",""
"Mauritania","MRT","CO2 emissions (metric tons per capita)","EN.ATM.CO2E.PC","0.0427305609158114","0.373431989332479","0.411140191058514","0.446151004364231","0.433106133221917","0.619710029773852","0.644099587053403","0.693144213716168","0.676497971450799","0.666822427606843","","","","",""
"Mauritius","MUS","CO2 emissions (metric tons per capita)","EN.ATM.CO2E.PC","0.272514942723982","0.603767554479419","0.611141993232157","1.38191117092867","2.2677893927994","3.13208253358925","3.12999878633412","3.15928885038563","3.23390958429369","3.35311047207863","","","","",""
"Malawi","MWI","CO2 emissions (metric tons per capita)","EN.ATM.CO2E.PC","","0.0987696262351145","0.115428973824776","0.0792650382996525","0.0763946782801807","0.0754332982024574","0.0755568762942631","0.0681128300668963","0.0738835216940527","0.0747629100469522","","","","",""
"Malaysia","MYS","CO2 emissions (metric tons per capita)","EN.ATM.CO2E.PC","","1.35153866473997","2.02908329936133","3.13736577811205","5.4229371944872","7.77155474604007","7.69701588203133","7.49755896856738","7.96151399932217","8.03299157864044","","","","",""
"North America","NAC","CO2 emissions (metric tons per capita)","EN.ATM.CO2E.PC","15.5255287984268","20.6271118486426","20.5138572874937","18.953485719921","19.9000107490898","17.2710314246288","16.8423411534352","16.1673058374122","16.1604965917624","16.3623240608661","","","","",""
"Namibia","NAM","CO2 emissions (metric tons per capita)","EN.ATM.CO2E.PC","","","","0.0285129201267838","0.864978252021712","1.42753765236958","1.27771130531801","1.49502635677542","1.13499516516154","1.58372866715704","","","","",""
"New Caledonia","NCL","CO2 emissions (metric tons per capita)","EN.ATM.CO2E.PC","10.908164556962","21.3799196428571","14.2961942163513","9.26947495304244","10.4732120245744","14.1834714714715","14.3450560251622","14.0167181467181","16.092239711739","16.005931729155","","","","",""
"Niger","NER","CO2 emissions (metric tons per capita)","EN.ATM.CO2E.PC","0.00865684361613851","0.0479667458822001","0.0955186458156618","0.0915278575280415","0.0613698279736946","0.0714397995613914","0.0777897635789008","0.105264015713385","0.105275362941766","0.111073515505541","","","","",""
"Nigeria","NGA","CO2 emissions (metric tons per capita)","EN.ATM.CO2E.PC","0.0754720454770825","0.384769905718685","0.927772805506246","0.411426135584272","0.621626466305102","0.577111379724362","0.587523022576854","0.588789917234998","0.571126416080498","0.545622113213755","","","","",""
"Nicaragua","NIC","CO2 emissions (metric tons per capita)","EN.ATM.CO2E.PC","0.299608553337777","0.585656704318759","0.623971433055069","0.614917367685149","0.748457267810351","0.790571277142518","0.840380211507932","0.786172382743349","0.765378513414715","0.808520855597367","","","","",""
"Netherlands","NLD","CO2 emissions (metric tons per capita)","EN.ATM.CO2E.PC","6.3991796202037","10.8858088713402","12.544945440925","10.5944750062034","10.8947262797751","11.0170708560989","10.4335386040941","10.1647588338308","10.3100627858175","9.92013807523839","","","","",""
"Norway","NOR","CO2 emissions (metric tons per capita)","EN.ATM.CO2E.PC","3.65856369820612","7.22753506857875","9.31375384886505","7.42914808133872","8.83401570307687","12.2934544997885","9.12476721592671","9.94098023481974","11.4501188375594","9.27094513154166","","","","",""
"Nepal","NPL","CO2 emissions (metric tons per capita)","EN.ATM.CO2E.PC","0.00801688480714172","0.018949437023673","0.036418605809103","0.0338352585676581","0.129282275646457","0.187128274559686","0.202491061361071","0.211798006685371","0.237169786577315","0.283538525834667","","","","",""
"Nauru","NRU","CO2 emissions (metric tons per capita)","EN.ATM.CO2E.PC","","10.1610221674877","16.6503739316239","13.6185690879301","8.40300886719139","4.38942643391521","4.01083822213384","3.92421441774492","4.06653728860549","4.02185100818358","","","","",""
"New Zealand","NZL","CO2 emissions (metric tons per capita)","EN.ATM.CO2E.PC","4.86706973606544","5.05032803216281","5.6084638118796","7.07123761186858","8.54939419861576","7.3050058611258","7.18594822080292","7.74727683128786","7.53195740753247","7.68657582544293","","","","",""
"OECD members","OED","CO2 emissions (metric tons per capita)","EN.ATM.CO2E.PC","7.26179726074879","10.4463959322545","11.108516033936","10.5451598663082","11.0532402220611","10.1580412493279","9.9642780193708","9.75441500136065","9.68180739744716","9.52355649116735","","","","",""
"Oman","OMN","CO2 emissions (metric tons per capita)","EN.ATM.CO2E.PC","","0.324220973348143","5.23821292660383","6.2831289731591","9.65420806343588","15.5905311922564","16.6898687411731","17.0752640098088","16.5374000297994","15.4431671894823","","","","",""
"Other small states","OSS","CO2 emissions (metric tons per capita)","EN.ATM.CO2E.PC","0.627783058684025","3.29561151743041","4.6045184967608","4.05914328226964","5.02692908133888","6.56431030820932","6.78463419049343","7.0074034942281","6.68853493042988","7.51931183096083","","","","",""
"Pakistan","PAK","CO2 emissions (metric tons per capita)","EN.ATM.CO2E.PC","0.315189446189816","0.418963005802696","0.410768251388172","0.636761223542495","0.768458118792086","0.946268168264502","0.929801104594609","0.918978434073748","0.904315983160111","0.896264105182138","","","","",""
"Panama","PAN","CO2 emissions (metric tons per capita)","EN.ATM.CO2E.PC","0.880400310348206","1.45058148527709","1.57905526089949","1.12042691872025","1.91073596522114","2.51531007443411","2.72370867542914","2.68055981836966","2.79243118728282","2.2543113627969","","","","",""
"Peru","PER","CO2 emissions (metric tons per capita)","EN.ATM.CO2E.PC","0.81237696311142","1.3330978199723","1.3895592633728","0.96535997402809","1.16908722591373","1.96073384965557","1.66777094574867","1.82602434048966","1.86986825369967","1.99348594924528","","","","",""
"Philippines","PHL","CO2 emissions (metric tons per capita)","EN.ATM.CO2E.PC","0.317249003493127","0.692131645515317","0.780641284902444","0.674176770246888","0.939934892193283","0.905495625234512","0.897333685006204","0.941558643067239","0.996424570368028","1.05545684592961","","","","",""
"Palau","PLW","CO2 emissions (metric tons per capita)","EN.ATM.CO2E.PC","1.52126114913918","11.8187282229965","12.9310316549123","15.5546129374337","13.0042242503259","12.3606741573034","12.2832661779698","12.1891800751517","12.2700764818356","12.3427040864701","","","","",""
"Papua New Guinea","PNG","CO2 emissions (metric tons per capita)","EN.ATM.CO2E.PC","0.089364428001116","0.274199572240074","0.553744273292595","0.496521842154258","0.478428354074909","0.670128424213086","0.732961332983371","0.683475587403625","0.814742393022924","0.81464880730964","","","","",""
"Poland","POL","CO2 emissions (metric tons per capita)","EN.ATM.CO2E.PC","6.74036258180107","9.32031832918507","13.0593674620476","9.66717214041947","7.82279832871167","8.31337682505654","8.32817587460663","7.87983006352283","7.94628250601022","7.51715158489872","","","","",""
"Pre-demographic dividend","PRE","CO2 emissions (metric tons per capita)","EN.ATM.CO2E.PC","0.156195872265962","0.351728971395223","0.537475926039354","0.334551204964555","0.389169393519039","0.466651105499489","0.504192971307369","0.523535453757297","0.535839629260124","0.536757223017314","","","","",""
"Puerto Rico","PRI","CO2 emissions (metric tons per capita)","EN.ATM.CO2E.PC","","","","","","","","","","","","","","",""
"Korea, Dem. Peoples Rep.","PRK","CO2 emissions (metric tons per capita)","EN.ATM.CO2E.PC","","","","","3.03815129916929","2.70227950610288","1.94294369398832","1.97380940252999","1.44120605895083","1.61359684123056","","","","",""
"Portugal","PRT","CO2 emissions (metric tons per capita)","EN.ATM.CO2E.PC","0.928578089430729","1.75779140459731","2.76311600530477","4.23919892363364","6.09640338514531","4.55275264586545","4.51082721765256","4.37605313022238","4.3440293115954","4.33155402784831","","","","",""
"Paraguay","PRY","CO2 emissions (metric tons per capita)","EN.ATM.CO2E.PC","0.15994797346121","0.300876761141196","0.469236912184064","0.51344624326786","0.695683708299546","0.820810138429473","0.845408397461431","0.828337606844976","0.840506113762694","0.870219290588263","","","","",""
"West Bank and Gaza","PSE","CO2 emissions (metric tons per capita)","EN.ATM.CO2E.PC","","","","","0.271057675624788","0.53401483350485","0.572406877323468","0.54367527152258","0.584854656642777","","","","","",""
"Pacific island small states","PSS","CO2 emissions (metric tons per capita)","EN.ATM.CO2E.PC","0.376042266184156","0.840028388638787","1.09273784982161","1.03043042926538","0.96145485017941","1.09640864714086","1.0300731731351","1.00421609141557","1.03949444467391","1.06414968632188","","","","",""
"Post-demographic dividend","PST","CO2 emissions (metric tons per capita)","EN.ATM.CO2E.PC","7.73052148203214","11.3369666311074","12.0135683131317","11.6349089102063","12.0133489193295","11.0895897060013","10.8334176768466","10.59881387247","10.541762652384","10.3567726711968","","","","",""
"French Polynesia","PYF","CO2 emissions (metric tons per capita)","EN.ATM.CO2E.PC","0.469670577386137","1.7589121679714","1.93371476784349","2.19973787019534","2.39564103212537","3.20393547905309","3.08479004458148","2.99619069351461","3.00301248866661","2.91513481726706","","","","",""
"Qatar","QAT","CO2 emissions (metric tons per capita)","EN.ATM.CO2E.PC","3.71467161911194","69.1116021695856","58.5343492347224","24.7137382069284","58.6393586000908","40.7420176481562","41.2056454380873","44.6179293580487","37.7800853420592","45.4232399589121","","","","",""
"Romania","ROU","CO2 emissions (metric tons per capita)","EN.ATM.CO2E.PC","2.90381202054338","5.93136910198012","8.83964723093059","7.50316334893339","4.04051865503903","3.92221356080157","4.21292622102324","4.07431545512808","3.55016707872764","3.51615369125659","","","","",""
"Russian Federation","RUS","CO2 emissions (metric tons per capita)","EN.ATM.CO2E.PC","","","","","10.6271205332605","11.6943481245069","12.3348810039402","12.7849790249662","12.3935564747819","11.8575277737052","","","","",""
"Rwanda","RWA","CO2 emissions (metric tons per capita)","EN.ATM.CO2E.PC","0.0362521254995862","0.0156269434799087","0.0962988424180601","0.0750043049847439","0.0657946101419402","0.0576164832052646","0.0631154924686225","0.0683174569159483","0.0725767773074222","0.074016445670242","","","","",""
"South Asia","SAS","CO2 emissions (metric tons per capita)","EN.ATM.CO2E.PC","0.243929681258186","0.320236731575762","0.39941237459328","0.627198430996972","0.85178014477294","1.20751909871869","1.27087887376836","1.36231531335648","1.35522146997919","1.46146746314529","","","","",""
"Saudi Arabia","SAU","CO2 emissions (metric tons per capita)","EN.ATM.CO2E.PC","0.655055537216211","7.76012650973059","17.3915792037019","11.3802491790346","14.3002727468168","18.9053424973007","17.7023072439215","19.4195057841035","18.0683580838082","19.5292717983416","","","","",""
"Sudan","SDN","CO2 emissions (metric tons per capita)","EN.ATM.CO2E.PC","0.12978371368493","0.349795296852885","0.196013969668436","0.202623461089627","0.159133713745191","0.345245385884236","0.330142236762997","0.300706838141128","0.309687394590696","0.299732598319775","","","","",""
"Senegal","SEN","CO2 emissions (metric tons per capita)","EN.ATM.CO2E.PC","0.258436815603591","0.307485017633567","0.599293786876552","0.421270162317651","0.398455815489437","0.599610304214953","0.629136953787372","0.577471338918714","0.596523237433712","0.608809117433519","","","","",""
"Singapore","SGP","CO2 emissions (metric tons per capita)","EN.ATM.CO2E.PC","0.846367832847425","8.77817401783562","13.0216405096222","14.6023795490317","12.1666243367801","10.9604087826578","8.72379741990645","6.84675846508862","10.3119819334926","10.306331909983","","","","",""
"Solomon Islands","SLB","CO2 emissions (metric tons per capita)","EN.ATM.CO2E.PC","0.0933348039298865","0.251650134131886","0.445242338697438","0.470369420215495","0.364381290761956","0.375183311544364","0.366962310095735","0.359033309097766","0.357906561161854","0.350449345269538","","","","",""
"Sierra Leone","SLE","CO2 emissions (metric tons per capita)","EN.ATM.CO2E.PC","0.311288967441698","0.324168662821816","0.180874363864944","0.113099067168246","0.0931955129125033","0.11241639210246","0.135882766468855","0.152292538260207","0.172170095140492","0.184925701657908","","","","",""
"El Salvador","SLV","CO2 emissions (metric tons per capita)","EN.ATM.CO2E.PC","0.224301720765037","0.38983043917358","0.465909606907584","0.478002406857947","0.978678941023167","1.04752291542098","1.0735900822923","1.07099751400282","0.996713368594016","1.00064462317564","","","","",""
"San Marino","SMR","CO2 emissions (metric tons per capita)","EN.ATM.CO2E.PC","","","","","","","","","","","","","","",""
"Somalia","SOM","CO2 emissions (metric tons per capita)","EN.ATM.CO2E.PC","0.0306032735752901","0.0628101817565298","0.128016648828786","0.0991436524472896","0.053307231809562","0.0508070745890954","0.0487761719828533","0.0476913728351234","0.04635286497488","0.0450467230932889","","","","",""
"Serbia","SRB","CO2 emissions (metric tons per capita)","EN.ATM.CO2E.PC","","","","","","6.30257798326694","6.80367714071925","6.12060018249562","6.26511069310281","5.28252191688301","","","","",""
"Sub-Saharan Africa (excluding high income)","SSA","CO2 emissions (metric tons per capita)","EN.ATM.CO2E.PC","0.551671870518208","0.772446604017927","0.980773132531063","0.856620723114305","0.841008011733436","0.850298545290419","0.83982428149188","0.8275661323411","0.822666074430172","0.840028002205045","","","","",""
"South Sudan","SSD","CO2 emissions (metric tons per capita)","EN.ATM.CO2E.PC","","","","","","","","0.123043931841892","0.129587680239481","0.129749350683477","","","","",""
"Sub-Saharan Africa","SSF","CO2 emissions (metric tons per capita)","EN.ATM.CO2E.PC","0.551594611139745","0.772399284103184","0.980853451364396","0.85679397372037","0.841760859724934","0.850715336857719","0.840118001157341","0.827960048718339","0.823009489562217","0.840453498292605","","","","",""
"Small states","SST","CO2 emissions (metric tons per capita)","EN.ATM.CO2E.PC","0.915013208174088","3.53217915320129","5.23178419387","4.19796343944955","5.08623193926073","6.76079036479854","6.8894629749282","7.00080512244592","6.80986543886988","7.38402551938207","","","","",""
"Sao Tome and Principe","STP","CO2 emissions (metric tons per capita)","EN.ATM.CO2E.PC","0.171213795464803","0.197540840100737","0.424828065593108","0.41855952516836","0.343931720127556","0.566490822538564","0.574250559284116","0.621562805854918","0.607752145205699","0.594339819936633","","","","",""
"Suriname","SUR","CO2 emissions (metric tons per capita)","EN.ATM.CO2E.PC","1.49226461033363","4.3359280098472","6.5399653230497","4.34670603133467","4.64982958995745","4.5654273022583","3.70432608650668","4.20586247409589","3.53493014339956","3.6340194332102","","","","",""
"Slovak Republic","SVK","CO2 emissions (metric tons per capita)","EN.ATM.CO2E.PC","","","","","6.65932948826437","6.72195956247584","6.39539628896351","6.05902290100616","6.11280355961594","5.66158132774424","","","","",""
"Slovenia","SVN","CO2 emissions (metric tons per capita)","EN.ATM.CO2E.PC","","","","","7.23840366026874","7.48585436860503","7.35063762791407","7.18548104448903","6.8695513926774","6.21368684468327","","","","",""
"Sweden","SWE","CO2 emissions (metric tons per capita)","EN.ATM.CO2E.PC","6.5764065843507","11.4859318289735","8.63476990820442","6.06936831940328","5.56243008285854","5.54734805226545","5.47495712076762","4.94230082776452","4.67142078453361","4.47818217821374","","","","",""
"Eswatini","SWZ","CO2 emissions (metric tons per capita)","EN.ATM.CO2E.PC","0.0945173466523853","0.822697199419378","0.771843903926599","0.493830198996254","1.11930646990771","0.862756818637179","0.855951970931836","0.966578750446658","0.856576240153021","0.92871499200446","","","","",""
"Sint Maarten (Dutch part)","SXM","CO2 emissions (metric tons per capita)","EN.ATM.CO2E.PC","","","","","","","","20.1134526558891","19.5335591553528","19.4613241342709","","","","",""
"Seychelles","SYC","CO2 emissions (metric tons per capita)","EN.ATM.CO2E.PC","","0.547313432835821","1.50712129115885","2.16304832606788","7.05096695467824","4.9427091455943","3.90012694273853","4.98329615075366","4.48443006592625","5.41867796276229","","","","",""
"Syrian Arab Republic","SYR","CO2 emissions (metric tons per capita)","EN.ATM.CO2E.PC","0.704774142934358","1.04861491328062","2.32934916951207","3.00167786542544","3.11019716957954","2.93097133742052","2.72757822531861","2.19042754702691","1.83950323741953","1.59889845852933","","","","",""
"Turks and Caicos Islands","TCA","CO2 emissions (metric tons per capita)","EN.ATM.CO2E.PC","","","","2.53947368421053","3.69167593917236","6.15228753952378","6.00939144685008","6.1058246739231","5.98097136643711","6.08648744776075","","","","",""
"Chad","TCD","CO2 emissions (metric tons per capita)","EN.ATM.CO2E.PC","0.0183252692820113","0.0342188344386201","0.0463247017647442","0.0240081224014199","0.0210985622037555","0.0434961061484444","0.0438655959877126","0.0482001175115416","0.0533286826624467","0.0537776877715938","","","","",""
"East Asia & Pacific (IDA & IBRD countries)","TEA","CO2 emissions (metric tons per capita)","EN.ATM.CO2E.PC","0.952084888975151","0.818079026359764","1.26691118215909","1.78151318930786","2.30216826275951","5.13658805605719","5.68848786862672","5.82125352176721","5.84531756868058","5.82786717938883","","","","",""
"Europe & Central Asia (IDA & IBRD countries)","TEC","CO2 emissions (metric tons per capita)","EN.ATM.CO2E.PC","","","","","6.92304430503291","7.59235511198605","7.88957909505563","7.95164336029705","7.71604487747165","7.39596064039771","","","","",""
"Togo","TGO","CO2 emissions (metric tons per capita)","EN.ATM.CO2E.PC","0.0417623898063477","0.130003375053533","0.264158224724065","0.204317205976329","0.273713590968232","0.406006379871787","0.368935463422566","0.362450983908114","0.377480424390468","0.362696891580548","","","","",""
"Thailand","THA","CO2 emissions (metric tons per capita)","EN.ATM.CO2E.PC","0.135585913511156","0.416856913828155","0.846998869249029","1.60483198601922","2.87923298923262","4.19478193989097","4.12138945978632","4.37176541487934","4.40380756280922","4.62186003163084","","","","",""
"Tajikistan","TJK","CO2 emissions (metric tons per capita)","EN.ATM.CO2E.PC","","","","","0.359844953633286","0.33303078008226","0.300737248925243","0.366926485373097","0.425539774773414","0.620466724741697","","","","",""
"Turkmenistan","TKM","CO2 emissions (metric tons per capita)","EN.ATM.CO2E.PC","","","","","8.31222101396084","11.2614853721392","12.073175209956","12.3148974370705","12.4361327229288","12.5172953406189","","","","",""
"Latin America & the Caribbean (IDA & IBRD countries)","TLA","CO2 emissions (metric tons per capita)","EN.ATM.CO2E.PC","1.29589369284555","1.7464775332749","2.36772504572866","2.23096369451243","2.56522300490082","2.86498398864059","2.89457643785641","2.99221717191231","3.00556591197305","3.03280490623507","","","","",""
"Timor-Leste","TLS","CO2 emissions (metric tons per capita)","EN.ATM.CO2E.PC","","","","","","0.211508564867595","0.217131247000724","0.25360489643487","0.371540554186797","0.387014002147073","","","","",""
"Middle East & North Africa (IDA & IBRD countries)","TMN","CO2 emissions (metric tons per capita)","EN.ATM.CO2E.PC","0.860175507278038","1.6470791033128","2.18136800813616","2.43689123425125","3.13484537995915","3.85652877378729","3.86025026970509","3.96615966949366","3.95379693856909","3.96754448845233","","","","",""
"Tonga","TON","CO2 emissions (metric tons per capita)","EN.ATM.CO2E.PC","0.178584763234363","0.304246820514644","0.433698538819659","0.809296606517924","0.972064191186966","1.12682331928133","0.981822006751007","1.01326333241227","1.07926667173021","1.14396589211775","","","","",""
"South Asia (IDA & IBRD)","TSA","CO2 emissions (metric tons per capita)","EN.ATM.CO2E.PC","0.243929681258186","0.320236731575762","0.39941237459328","0.627198430996972","0.85178014477294","1.20751909871869","1.27087887376836","1.36231531335648","1.35522146997919","1.46146746314529","","","","",""
"Sub-Saharan Africa (IDA & IBRD countries)","TSS","CO2 emissions (metric tons per capita)","EN.ATM.CO2E.PC","0.551594611139745","0.772399284103184","0.980853451364396","0.856793973720371","0.841760859724934","0.850715336857719","0.840118001157341","0.827960048718339","0.823009489562217","0.840453498292605","","","","",""
"Trinidad and Tobago","TTO","CO2 emissions (metric tons per capita)","EN.ATM.CO2E.PC","3.04258325780603","9.51256298936673","15.606512621302","13.9339397659383","18.8008421241908","36.0929327610873","35.1620879120879","33.8550001938002","34.5200319229103","34.1632426302683","","","","",""
"Tunisia","TUN","CO2 emissions (metric tons per capita)","EN.ATM.CO2E.PC","0.413564892657699","0.739864283375395","1.49083134911506","1.61150651473612","2.05406808419295","2.59965793011252","2.41798186065153","2.48044562395032","2.51190424527248","2.58705958448329","","","","",""
"Turkey","TUR","CO2 emissions (metric tons per capita)","EN.ATM.CO2E.PC","0.61227163432182","1.22260435728399","1.72284935203517","2.70500734778405","3.4179459428928","4.12021480689747","4.37056095839426","4.4194878877818","4.28530084308416","4.49147902571948","","","","",""
"Tuvalu","TUV","CO2 emissions (metric tons per capita)","EN.ATM.CO2E.PC","","","","0.814617349772298","0.778556263269639","0.696420093058589","0.690063981934513","1.02573426573427","1.01682225714022","1.00852585258526","","","","",""
"Tanzania","TZA","CO2 emissions (metric tons per capita)","EN.ATM.CO2E.PC","0.0822612957636537","0.129909979979463","0.100884341977108","0.0890118322343113","0.077571471180239","0.154161891846109","0.170126456715073","0.194470622892078","0.220730007616033","0.221347372384527","","","","",""
"Uganda","UGA","CO2 emissions (metric tons per capita)","EN.ATM.CO2E.PC","0.062123115152233","0.152952383130159","0.0499665326378497","0.0435273265692626","0.059491397285958","0.115583300233557","0.121524014830262","0.112110415912217","0.129674908955772","0.134656000985545","","","","",""
"Ukraine","UKR","CO2 emissions (metric tons per capita)","EN.ATM.CO2E.PC","","","","","6.52561877529799","6.6413496850931","6.26596231137638","6.4876028056754","5.97664184780697","5.02074706440171","","","","",""
"Upper middle income","UMC","CO2 emissions (metric tons per capita)","EN.ATM.CO2E.PC","1.68224990600734","1.86345285307406","2.77035983439826","3.44517076043093","3.53921523664561","5.98270552859711","6.4035808857418","6.55561387657223","6.60549036074116","6.58813517477518","","","","",""
"Uruguay","URY","CO2 emissions (metric tons per capita)","EN.ATM.CO2E.PC","1.7015832424386","2.04374541560387","2.00216340201483","1.28404409147428","1.59763853615135","1.89304338677963","2.29294186241591","2.55961960411296","2.22623587700135","1.97315082177576","","","","",""
"United States","USA","CO2 emissions (metric tons per capita)","EN.ATM.CO2E.PC","15.9997791565885","21.1112522725943","20.7864877412257","19.3227511807806","20.1787505069199","17.4428617133922","16.9769572829045","16.310471097693","16.3234767932125","16.502837239406","","","","",""
"Uzbekistan","UZB","CO2 emissions (metric tons per capita)","EN.ATM.CO2E.PC","","","","","4.94226223509558","3.64704888244685","3.87480091617416","3.88973319451208","3.41744243334039","3.42072274584901","","","","",""
"St. Vincent and the Grenadines","VCT","CO2 emissions (metric tons per capita)","EN.ATM.CO2E.PC","0.135900381721825","0.32432671472162","0.364857469777623","0.750420910655318","1.35943205620123","2.01271554681425","1.81101325211952","2.31434765110493","1.91199231613611","1.91134540998747","","","","",""
"Venezuela, RB","VEN","CO2 emissions (metric tons per capita)","EN.ATM.CO2E.PC","7.00510528797214","6.43447090425838","5.91780181799744","6.15057439458631","6.22428968235495","6.51337691396451","6.00145923956696","6.64923346808024","6.06646131348109","6.02569758235129","","","","",""
"British Virgin Islands","VGB","CO2 emissions (metric tons per capita)","EN.ATM.CO2E.PC","","1.87034581250638","2.66642428649336","4.0098414434117","4.97340760474691","6.33077431677931","6.30859108992509","6.17405029990529","6.05781938325991","6.07283358118156","","","","",""
"Virgin Islands (U.S.)","VIR","CO2 emissions (metric tons per capita)","EN.ATM.CO2E.PC","","","","","","","","","","","","","","",""
"Vietnam","VNM","CO2 emissions (metric tons per capita)","EN.ATM.CO2E.PC","0.229309359180076","0.649642766201905","0.309357205738179","0.313855299411278","0.66817173179905","1.61335958223951","1.70142228279496","1.57233798156171","1.60911159266528","1.80356574966869","","","","",""
"Vanuatu","VUT","CO2 emissions (metric tons per capita)","EN.ATM.CO2E.PC","","0.472391057396152","0.539115469766155","0.450141167805557","0.45574209863668","0.512118326667936","0.545795072580012","0.459328848213023","0.420092280222168","0.594993239327796","","","","",""
"World","WLD","CO2 emissions (metric tons per capita)","EN.ATM.CO2E.PC","3.09892157289526","4.01235479574186","4.35290227775925","4.18850738839138","4.03339505137217","4.82825991549983","4.96771683741417","4.99638437352937","4.98793070184586","4.9701551571304","","","","",""
"Samoa","WSM","CO2 emissions (metric tons per capita)","EN.ATM.CO2E.PC","0.13500727132154","0.20489467508521","0.636480518395186","0.630432379993369","0.819042437431991","1.00436078515615","1.07470759065356","1.04663995686967","1.03806413395052","1.02978834052733","","","","",""
"Kosovo","XKX","CO2 emissions (metric tons per capita)","EN.ATM.CO2E.PC","","","","","","","","","","","","","","",""
"Yemen, Rep.","YEM","CO2 emissions (metric tons per capita)","EN.ATM.CO2E.PC","0.702610624045969","0.405549249976993","0.408673877965844","0.795928336965651","0.819163987138264","0.992601743761824","0.810900295008215","0.749446817858344","0.996884970403485","0.864834534752234","","","","",""
"South Africa","ZAF","CO2 emissions (metric tons per capita)","EN.ATM.CO2E.PC","5.61009236772603","6.55724811423882","7.6764275672922","8.34133210331858","8.28076479529149","9.19069871601177","9.00403338726771","8.84503303913285","8.67396282312054","8.98011929723466","","","","",""
"Zambia","ZMB","CO2 emissions (metric tons per capita)","EN.ATM.CO2E.PC","","0.903148305385239","0.599623550107569","0.30469813272361","0.173056761414465","0.194337298690913","0.205910777583577","0.249456851413717","0.2611125299524","0.288271141095299","","","","",""
"Zimbabwe","ZWE","CO2 emissions (metric tons per capita)","EN.ATM.CO2E.PC","","1.57715310519439","1.34514860893904","1.53621215830562","1.13920087224522","0.552146242342835","0.66475076996735","0.529703430657123","0.775563675088375","0.779955845162839","","","","",""